{"ultimo_valor_real":2.472901280014e+07,"maxima_venta_historica":4.700768173997e+07,"_wandb":{"runtime":7},"_runtime":7,"_timestamp":1.7770848430121562e+09,"_step":0,"total_meses_entrenados":73}