{"maxima_venta_historica":4.700768173997e+07,"_timestamp":1.7769966259816446e+09,"_wandb":{"runtime":7},"_runtime":7,"_step":0,"total_meses_entrenados":73,"ultimo_valor_real":2.472901280014e+07}