{"total_meses_entrenados":73,"ultimo_valor_real":2.472901280014e+07,"maxima_venta_historica":4.7007681739970006e+07,"_timestamp":1.7770861140563674e+09,"_step":0,"_wandb":{"runtime":5},"_runtime":5}