{"_wandb":{"runtime":6},"_runtime":6,"_step":0,"total_meses_entrenados":73,"ultimo_valor_real":2.472901280014e+07,"maxima_venta_historica":4.700768173997e+07,"_timestamp":1.7769958615024137e+09}